<?xml version='1.0' encoding='UTF-8'?>
<!DOCTYPE Rule PUBLIC "sailpoint.dtd" "sailpoint.dtd">
<Rule language="beanshell" name="abc bank customization rule" type="ResourceObjectCustomization">
  <Description>This rule is configured on the application and is called after the connector has build a ResourceObject from the native application data.

Initially designed for non-rule based connectors to add SPPrivileged flag to an object, but could be used to do any transformations.</Description>
  <Signature returnType="ResourceObject">
    <Inputs>
      <Argument name="log" type="org.apache.commons.logging.Log">
        <Description>
          The log object associated with the SailPointContext.
        </Description>
      </Argument>
      <Argument name="context" type="sailpoint.api.SailPointContext">
        <Description>
          A sailpoint.api.SailPointContext object that can be used to query the database if necessary.
        </Description>
      </Argument>
      <Argument name="object">
        <Description>
          The ResourceObject built by the connector.
        </Description>
      </Argument>
      <Argument name="application">
        <Description>
          Application that references the connector.
        </Description>
      </Argument>
      <Argument name="connector">
        <Description>
          The connector object.
        </Description>
      </Argument>
      <Argument name="state">
        <Description>
          A Map containing state information.
        </Description>
      </Argument>
    </Inputs>
    <Returns>
      <Argument name="resourceObject">
        <Description>
          The updated resource object.
        </Description>
      </Argument>
    </Returns>
  </Signature>
  <Source>import saipoint.object.ResourceObject;

String accountNumber = object.get("AccountNumber");

String employeeType = accountNumber.substring(0,1);

if(employeeType.equalsIgnoreCase("A")){
object.put("AccountOwnerType","Employee");
}

else{
object.put("AccountOwnerType","Contractor");
}

int accStatus = object.get("AccountStatus");

if(accStatus == 0){
object.put("IIQDisabled", true);
}

return object;</Source>
</Rule>