<?xml version='1.0' encoding='UTF-8'?>
<!DOCTYPE Application PUBLIC "sailpoint.dtd" "sailpoint.dtd">
<Application connector="sailpoint.connector.LDAPConnector" featuresString="AUTHENTICATE, MANAGER_LOOKUP, SEARCH, PROVISIONING, SYNC_PROVISIONING, ACCOUNT_ONLY_REQUEST, ADDITIONAL_ACCOUNT_REQUEST" icon="directory2Icon" name="Guvi - LDAP" profileClass="" type="LDAP">
  <AccountCorrelationConfig>
    <Reference class="sailpoint.object.CorrelationConfig" name="Guvi LDAP Correlation"/>
  </AccountCorrelationConfig>
  <Attributes>
    <Map>
      <entry key="acctAggregationEnd">
        <value>
          <Date>1670142742088</Date>
        </value>
      </entry>
      <entry key="acctAggregationStart">
        <value>
          <Date>1670142741006</Date>
        </value>
      </entry>
      <entry key="afterProvisioningRule"/>
      <entry key="authSearchAttributes">
        <value>
          <List>
            <String>cn</String>
            <String>uid</String>
            <String>mail</String>
          </List>
        </value>
      </entry>
      <entry key="authorizationType" value="simple"/>
      <entry key="beforeProvisioningRule"/>
      <entry key="compositeDefinition"/>
      <entry key="group.filterString"/>
      <entry key="group.iterateSearchFilter"/>
      <entry key="group.searchDN" value="ou=groups,dc=guvi, dc=com"/>
      <entry key="group.searchScope" value="SUBTREE"/>
      <entry key="groupEntitlementAttr" value="groups"/>
      <entry key="host" value="localhost"/>
      <entry key="nativeChangeDetectionAttributeScope" value="entitlements"/>
      <entry key="nativeChangeDetectionAttributes"/>
      <entry key="nativeChangeDetectionEnabled">
        <value>
          <Boolean/>
        </value>
      </entry>
      <entry key="nativeChangeDetectionOperations"/>
      <entry key="pageSize" value="100"/>
      <entry key="password" value="1:ACP:NGIBYm8ti0QEWkVUYQ//422PScWgW5YdKnkejLDh2yM="/>
      <entry key="passwordAttr" value="userPassword"/>
      <entry key="port" value="10389"/>
      <entry key="searchDN" value="ou=users,dc=guvi, dc=com"/>
      <entry key="searchScope" value="SUBTREE"/>
      <entry key="sysDescriptions">
        <value>
          <Map>
            <entry key="en_US"/>
          </Map>
        </value>
      </entry>
      <entry key="templateApplication" value="LDAP Template"/>
      <entry key="useSSL">
        <value>
          <Boolean/>
        </value>
      </entry>
      <entry key="user" value="uid=admin,ou=system"/>
    </Map>
  </Attributes>
  <Owner>
    <Reference class="sailpoint.object.Identity" name="triplek"/>
  </Owner>
  <ProvisioningForms>
    <Form name="Account" objectType="account" type="Create">
      <Attributes>
        <Map>
          <entry key="pageTitle" value="Account"/>
        </Map>
      </Attributes>
      <Section>
        <Field displayName="con_prov_policy_ldap_user_DN" helpKey="help_con_prov_policy_ldap_user_DN" name="dn" required="true" type="string">
          <RuleRef>
            <Reference class="sailpoint.object.Rule" name="Guvi-Employee-dn-Attribute-Rule"/>
          </RuleRef>
        </Field>
        <Field displayName="con_prov_policy_ldap_full_name" helpKey="help_con_prov_policy_ldap_full_name" name="cn" required="true" type="string">
          <RuleRef>
            <Reference class="sailpoint.object.Rule" name="ldap full name create rule"/>
          </RuleRef>
        </Field>
        <Field displayName="con_prov_policy_ldap_first_name" helpKey="help_con_prov_policy_ldap_first_name" name="givenName" type="string">
          <Script>
            <Source>return identity.getFirstname();</Source>
          </Script>
        </Field>
        <Field displayName="con_prov_policy_ldap_last_name" helpKey="help_con_prov_policy_ldap_last_name" name="SN" required="true" type="string">
          <Script>
            <Source>return identity.getLastname();</Source>
          </Script>
        </Field>
        <Field name="employeeNumber" type="string">
          <Script>
            <Source>return identity.getName();</Source>
          </Script>
        </Field>
      </Section>
    </Form>
    <Form name="Create Group" objectType="group" type="Create">
      <Attributes>
        <Map>
          <entry key="pageTitle" value="Create Group"/>
        </Map>
      </Attributes>
      <Section>
        <Field displayName="con_prov_policy_ldap_group_DN" helpKey="help_con_prov_policy_ldap_group_DN" name="dn" required="true" reviewRequired="true" type="string"/>
        <Field displayName="con_prov_policy_ldap_description" helpKey="help_con_prov_policy_ldap_description" name="description" reviewRequired="true" type="string"/>
      </Section>
    </Form>
    <Form name="Update Group" objectType="group" type="Update">
      <Attributes>
        <Map>
          <entry key="pageTitle" value="Update Group"/>
        </Map>
      </Attributes>
      <Section>
        <Field displayName="con_prov_policy_ldap_owner" name="owner" type="string"/>
        <Field displayName="con_prov_policy_ldap_common_name" name="cn" type="string"/>
        <Field displayName="con_prov_policy_ldap_object_class" multi="true" name="objectClass" type="string"/>
        <Field displayName="con_prov_policy_ldap_description" name="description" type="string"/>
      </Section>
    </Form>
  </ProvisioningForms>
  <Schemas>
    <Schema displayAttribute="cn" identityAttribute="dn" instanceAttribute="" nativeObjectType="inetOrgPerson" objectType="account">
      <AttributeDefinition name="businessCategory" type="string">
        <Description>business category</Description>
      </AttributeDefinition>
      <AttributeDefinition multi="true" name="carLicense" type="string">
        <Description>vehicle license or registration plate</Description>
      </AttributeDefinition>
      <AttributeDefinition name="cn" type="string">
        <Description>common name(s) for which the entity is known by</Description>
      </AttributeDefinition>
      <AttributeDefinition name="dn" type="string">
        <Description>distinguished name for which the entity is known by</Description>
      </AttributeDefinition>
      <AttributeDefinition name="departmentNumber" type="string">
        <Description>identifies a department within an organization</Description>
      </AttributeDefinition>
      <AttributeDefinition name="description" type="string">
        <Description>descriptive information</Description>
      </AttributeDefinition>
      <AttributeDefinition name="destinationIndicator" type="string">
        <Description>destination indicator</Description>
      </AttributeDefinition>
      <AttributeDefinition name="displayName" type="string">
        <Description>preferred name to be used when displaying entries</Description>
      </AttributeDefinition>
      <AttributeDefinition name="employeeNumber" type="string">
        <Description>numerically identifies an employee within an organization</Description>
      </AttributeDefinition>
      <AttributeDefinition name="employeeType" type="string">
        <Description>type of employment for a person</Description>
      </AttributeDefinition>
      <AttributeDefinition multi="true" name="facsimileTelephoneNumber" type="string">
        <Description>Facsimile (Fax) Telephone Number</Description>
      </AttributeDefinition>
      <AttributeDefinition name="givenName" type="string">
        <Description>first name(s) for which the entity is known by</Description>
      </AttributeDefinition>
      <AttributeDefinition entitlement="true" managed="true" multi="true" name="groups" schemaObjectType="group" type="string">
        <Description>List of groups a user is a member</Description>
      </AttributeDefinition>
      <AttributeDefinition name="homePhone" type="string">
        <Description>home telephone number</Description>
      </AttributeDefinition>
      <AttributeDefinition name="homePostalAddress" type="string">
        <Description>home postal address</Description>
      </AttributeDefinition>
      <AttributeDefinition name="initials" type="string">
        <Description>initials of some or all of names, but not the surname(s).</Description>
      </AttributeDefinition>
      <AttributeDefinition name="internationaliSDNNumber" type="string">
        <Description>international ISDN number</Description>
      </AttributeDefinition>
      <AttributeDefinition name="l" type="string">
        <Description>city</Description>
      </AttributeDefinition>
      <AttributeDefinition name="mail" type="string">
        <Description>RFC822 Mailbox</Description>
      </AttributeDefinition>
      <AttributeDefinition name="manager" type="string">
        <Description>DN of manager</Description>
      </AttributeDefinition>
      <AttributeDefinition name="mobile" type="string">
        <Description>mobile telephone number</Description>
      </AttributeDefinition>
      <AttributeDefinition name="o" type="string">
        <Description>organization this object belongs to</Description>
      </AttributeDefinition>
      <AttributeDefinition name="ou" type="string">
        <Description>organizational unit this object belongs to</Description>
      </AttributeDefinition>
      <AttributeDefinition name="pager" type="string">
        <Description>pager telephone number</Description>
      </AttributeDefinition>
      <AttributeDefinition name="physicalDeliveryOfficeName" type="string">
        <Description>Physical Delivery Office Name</Description>
      </AttributeDefinition>
      <AttributeDefinition name="postOfficeBox" type="string">
        <Description>Post Office Box</Description>
      </AttributeDefinition>
      <AttributeDefinition name="postalAddress" type="string">
        <Description>postal address</Description>
      </AttributeDefinition>
      <AttributeDefinition name="postalCode" type="string">
        <Description>postal code</Description>
      </AttributeDefinition>
      <AttributeDefinition name="preferredDeliveryMethod" type="string">
        <Description>preferred delivery method</Description>
      </AttributeDefinition>
      <AttributeDefinition name="preferredLanguage" type="string">
        <Description>preferred written or spoken language for a person</Description>
      </AttributeDefinition>
      <AttributeDefinition name="registeredAddress" type="string">
        <Description>registered postal address</Description>
      </AttributeDefinition>
      <AttributeDefinition name="roomNumber" type="string">
        <Description>room number</Description>
      </AttributeDefinition>
      <AttributeDefinition name="secretary" type="string">
        <Description>DN of secretary</Description>
      </AttributeDefinition>
      <AttributeDefinition name="seeAlso" type="string">
        <Description>DN of related object</Description>
      </AttributeDefinition>
      <AttributeDefinition name="sn" type="string">
        <Description>last (family) name(s) for which the entity is known by</Description>
      </AttributeDefinition>
      <AttributeDefinition name="st" type="string">
        <Description>state or province which this object resides in</Description>
      </AttributeDefinition>
      <AttributeDefinition name="street" type="string">
        <Description>street address of this object</Description>
      </AttributeDefinition>
      <AttributeDefinition name="telephoneNumber" type="string">
        <Description>Telephone Number</Description>
      </AttributeDefinition>
      <AttributeDefinition name="teletexTerminalIdentifier" type="string">
        <Description>Teletex Terminal Identifier</Description>
      </AttributeDefinition>
      <AttributeDefinition name="telexNumber" type="string">
        <Description>Telex Number</Description>
      </AttributeDefinition>
      <AttributeDefinition name="title" type="string">
        <Description>title associated with the entity</Description>
      </AttributeDefinition>
      <AttributeDefinition name="uid" type="string">
        <Description>user identifier</Description>
      </AttributeDefinition>
      <AttributeDefinition multi="true" name="objectClass" type="string">
        <Description>object classes of the entity</Description>
      </AttributeDefinition>
    </Schema>
    <Schema descriptionAttribute="description" displayAttribute="cn" featuresString="PROVISIONING" identityAttribute="dn" instanceAttribute="" nativeObjectType="groupOfUniqueNames" objectType="group">
      <AttributeDefinition name="cn" type="string">
        <Description>common name(s) for which the entity is known by</Description>
      </AttributeDefinition>
      <AttributeDefinition name="dn" type="string">
        <Description>Directory Path</Description>
      </AttributeDefinition>
      <AttributeDefinition name="o" type="string">
        <Description>organization this object belongs to</Description>
      </AttributeDefinition>
      <AttributeDefinition name="ou" type="string">
        <Description>organizational unit this object belongs to</Description>
      </AttributeDefinition>
      <AttributeDefinition name="owner" type="string">
        <Description>owner (of the object)</Description>
      </AttributeDefinition>
      <AttributeDefinition name="description" type="string">
        <Description>descriptive information</Description>
      </AttributeDefinition>
      <Attributes>
        <Map>
          <entry key="groupMemberAttribute" value="uniqueMember"/>
        </Map>
      </Attributes>
    </Schema>
  </Schemas>
  <ApplicationScorecard/>
</Application>