<?xml version='1.0' encoding='UTF-8'?>
<!DOCTYPE Workflow PUBLIC "sailpoint.dtd" "sailpoint.dtd">
<Workflow explicitTransitions="true" libraries="Identity" name="Bank Contractor Joiner" type="IdentityLifecycle">
  <Variable input="true" name="trigger">
    <Description>The IdentityTrigger</Description>
  </Variable>
  <Variable input="true" name="event" transient="true">
    <Description>The IdentityChangeEvent.  It can be used to build
      the provisioning plan, but does not need to be
      persisted with the case, so marked as transient.</Description>
  </Variable>
  <Variable input="true" name="identityName">
    <Description>The name of the identity.</Description>
  </Variable>
  <Variable input="true" name="trigger">
    <Description>The IdentityTrigger</Description>
  </Variable>
  <Variable input="true" name="event">
    <Description>The IdentityChangeEvent.  It can be used to build
      the provisioning plan, but does not need to be
      persisted with the case, so marked as transient.</Description>
  </Variable>
  <Variable input="true" name="identityName">
    <Description>The name of the identity.</Description>
  </Variable>
  <Description>Process a new employee.</Description>
  <Step icon="Start" name="Start" posX="28" posY="10">
    <Transition to="Provisioning Plan"/>
  </Step>
  <Step icon="Stop" name="Stop" posX="540" posY="10"/>
  <Step action="rule:Contractor Joiner Create Provisioning Plan" icon="Default" name="Provisioning Plan" posX="98" posY="10">
    <Transition to="compile plan"/>
  </Step>
  <Step action="compileProvisioningProject" icon="Default" name="compile plan" posX="264" posY="10">
    <Arg name="plan" value="ref:plan"/>
    <Transition to="provisionProjec"/>
  </Step>
  <Step action="provisionProject" icon="Default" name="provisionProject" posX="390" posY="10">
    <Arg name="project" value="ref:project"/>
    <Transition to="Stop"/>
  </Step>
</Workflow>