<?xml version='1.0' encoding='UTF-8'?>
<!DOCTYPE Bundle PUBLIC "sailpoint.dtd" "sailpoint.dtd">
<Bundle displayName="ABC Contractor IT Role" name="abccontractoritrole" type="it">
  <Attributes>
    <Map>
      <entry key="accountSelectorRules"/>
      <entry key="allowDuplicateAccounts" value="false"/>
      <entry key="allowMultipleAssignments" value="false"/>
      <entry key="mergeTemplates" value="false"/>
      <entry key="sysDescriptions">
        <value>
          <Map>
            <entry key="en_US"/>
          </Map>
        </value>
      </entry>
    </Map>
  </Attributes>
  <Owner>
    <Reference class="sailpoint.object.Identity" name="triplek"/>
  </Owner>
  <Profiles>
    <Profile>
      <ApplicationRef>
        <Reference class="sailpoint.object.Application" name="bank"/>
      </ApplicationRef>
      <Constraints>
        <Filter operation="CONTAINS_ALL" property="Privilege">
          <Value>
            <List>
              <String>user</String>
            </List>
          </Value>
        </Filter>
      </Constraints>
    </Profile>
  </Profiles>
</Bundle>