<?xml version='1.0' encoding='UTF-8'?>
<!DOCTYPE Bundle PUBLIC "sailpoint.dtd" "sailpoint.dtd">
<Bundle displayName="HR Business Role" name="hrbusinessrole" type="business">
  <Attributes>
    <Map>
      <entry key="accountSelectorRules"/>
      <entry key="allowDuplicateAccounts" value="false"/>
      <entry key="allowMultipleAssignments" value="false"/>
      <entry key="mergeTemplates" value="false"/>
      <entry key="sysDescriptions">
        <value>
          <Map>
            <entry key="en_US"/>
          </Map>
        </value>
      </entry>
    </Map>
  </Attributes>
  <Owner>
    <Reference class="sailpoint.object.Identity" name="triplek"/>
  </Owner>
  <Requirements>
    <Reference class="sailpoint.object.Bundle" name="hritrole"/>
  </Requirements>
</Bundle>