<?xml version='1.0' encoding='UTF-8'?>
<!DOCTYPE Bundle PUBLIC "sailpoint.dtd" "sailpoint.dtd">
<Bundle displayName="IT Business Role" name="itbusiness" type="business">
  <Attributes>
    <Map>
      <entry key="accountSelectorRules"/>
      <entry key="allowDuplicateAccounts" value="false"/>
      <entry key="allowMultipleAssignments" value="false"/>
      <entry key="mergeTemplates" value="false"/>
      <entry key="sysDescriptions">
        <value>
          <Map>
            <entry key="en_US"/>
          </Map>
        </value>
      </entry>
    </Map>
  </Attributes>
  <Owner>
    <Reference class="sailpoint.object.Identity" name="triplek"/>
  </Owner>
  <Requirements>
    <Reference class="sailpoint.object.Bundle" name="itrole"/>
  </Requirements>
  <Selector>
    <IdentitySelector>
      <MatchExpression>
        <MatchTerm name="department" type="IdentityAttribute" value="IT"/>
      </MatchExpression>
    </IdentitySelector>
  </Selector>
</Bundle>